Word,Year,Frequency
10th,1809,1
11th,1809,2
12th,1809,1
14th,1809,2
15th,1809,1
16th,1809,1
18th,1809,3
19th,1809,1
24th,1809,1
25th,1809,3
26th,1809,1
27th,1809,1
28th,1809,2
30th,1809,3
abatement,1809,1
able,1809,1
about,1809,3
above,1809,2
account,1809,1
addition,1809,1
admissions,1809,1
admitted,1809,3
aged,1809,3
allay,1809,1
allays,1809,1
alleviation,1809,1
aloes,1809,2
along,1809,1
also,1809,1
anodyne,1809,2
apparent,1809,1
apparently,1809,1
appearance,1809,1
appeared,1809,2
appeased,1809,1
appetite,1809,3
apply,1809,1
april,1809,2
ascertained,1809,1
aspect,1809,1
assuming,1809,1
attended,1809,1
attending,1809,2
been,1809,1
before,1809,2
behind,1809,1
being,1809,3
belly,1809,1
bleeding,1809,2
blood,1809,2
body,1809,1
book,1809,1
born,1809,3
bowels,1809,2
brighter,1809,1
briskly,1809,1
calomel,1809,1
case,1809,1
cathartic,1809,2
cavity,1809,1
chest,1809,1
circumstances,1809,1
clean,1809,1
clinical,1809,1
colour,1809,2
coloured,1809,1
combined,1809,1
comfortable,1809,1
common,1809,1
complains,1809,1
complaint,1809,1
complaints,1809,2
composed,1809,1
constant,1809,1
constitution,1809,1
contained,1809,1
continue,1809,3
continues,1809,7
convalescent,1809,1
cooper,1809,1
corona,1809,1
costive,1809,1
cough,1809,2
coughing,1809,3
could,1809,1
countenance,1809,2
course,1809,2
cured,1809,1
days,1809,1
death,1809,1
deep,1809,1
degree,1809,1
diet,1809,4
digitalis,1809,2
directed,1809,3
disappeared,1809,1
discontinued,1809,1
distinctly,1809,1
doses,1809,1
doubt,1809,1
drafts,1809,1
drink,1809,1
duration,1809,1
each,1809,3
effect,1809,2
eight,1809,1
elixir,1809,1
ensuing,1809,1
especially,1809,1
evening,1809,2
every,1809,4
evident,1809,1
evidently,1809,2
exceeding,1809,1
except,1809,1
expectorated,1809,1
exposed,1809,1
extended,1809,1
extending,1809,2
extreme,1809,1
extremely,1809,1
eyes,1809,1
febrile,1809,1
feverish,1809,1
fifty,1809,1
fluid,1809,1
following,1809,2
found,1809,1
four,1809,3
free,1809,1
frequent,1809,4
from,1809,6
furred,1809,1
general,1809,1
generally,1809,3
gent,1809,1
gentle,1809,1
germany,1809,1
gives,1809,1
glans,1809,1
gold,1809,1
good,1809,1
grain,1809,2
great,1809,2
harassed,1809,1
harder,1809,1
have,1809,1
heart,1809,1
heat,1809,1
heated,1809,1
hectic,1809,1
hospital,1809,2
hours,1809,1
house,1809,2
hundred,1809,3
hysteria,1809,1
iceland,1809,1
improve,1809,5
improved,1809,2
improveing,1809,1
improves,1809,1
incision,1809,1
increased,1809,2
inflamed,1809,1
into,1809,5
james,1809,1
january,1809,1
jersey,1809,1
joseph,1809,1
juniper,1809,2
keep,1809,1
kidneys,1809,2
kind,1809,1
large,1809,2
larger,1809,1
last,1809,2
lation,1809,1
laudanum,1809,1
less,1809,3
little,1809,1
lung,1809,1
made,1809,1
make,1809,1
march,1809,2
marked,1809,1
matter,1809,1
medicated,1809,1
medicine,1809,2
military,1809,1
milk,1809,3
mind,1809,2
mitigated,1809,1
moist,1809,1
months,1809,1
morbid,1809,1
more,1809,4
morning,1809,2
moss,1809,1
much,1809,3
mucus,1809,1
natural,1809,2
nauseating,1809,1
nearly,1809,2
night,1809,5
nose,1809,2
number,1809,1
observable,1809,1
october,1809,1
omit,1809,1
opera,1809,1
order,1809,1
ordered,1809,1
other,1809,4
ounces,1809,1
over,1809,1
pain,1809,4
pains,1809,2
paired,1809,1
particularly,1809,2
parts,1809,1
patient,1809,1
penis,1809,2
peppermint,1809,1
pericardium,1809,1
phthisis,1809,1
physician,1809,2
pill,1809,1
pills,1809,5
prescribed,1809,1
previous,1809,3
primary,1809,1
principal,1809,1
produce,1809,1
pulmonary,1809,3
puls,1809,1
pulse,1809,10
quantities,1809,1
quantity,1809,4
quick,1809,1
rapid,1809,4
received,1809,2
reception,1809,1
region,1809,1
regular,1809,1
remaining,1809,1
remains,1809,1
remedies,1809,1
report,1809,1
respect,1809,1
respiration,1809,1
rest,1809,2
resumed,1809,1
retained,1809,1
rheumatism,1809,2
right,1809,2
rising,1809,1
roberts,1809,1
robust,1809,1
same,1809,2
seaman,1809,1
sence,1809,1
sensible,1809,1
september,1809,1
several,1809,1
shoulder,1809,1
side,1809,3
similar,1809,1
since,1809,2
size,1809,3
skin,1809,6
slight,1809,1
slippery,1809,1
small,1809,1
smaller,1809,1
soap,1809,1
soda,1809,1
softer,1809,1
some,1809,4
somewhat,1809,1
soreness,1809,1
stated,1809,1
stationary,1809,1
still,1809,3
stomach,1809,1
strength,1809,1
strongly,1809,1
subsiding,1809,1
swelled,1809,1
symptoms,1809,8
syphilis,1809,1
take,1809,3
takes,1809,3
tart,1809,2
temperate,1809,1
texture,1809,1
than,1809,2
that,1809,1
them,1809,1
there,1809,2
thing,1809,1
this,1809,1
three,1809,2
time,1809,2
times,1809,1
tinged,1809,1
tongue,1809,2
took,1809,1
towards,1809,1
tubercles,1809,1
twenty,1809,2
ulcer,1809,2
ulceration,1809,1
ulcers,1809,2
unmarried,1809,1
until,1809,1
untill,1809,1
unusual,1809,1
upon,1809,2
urine,1809,1
usual,1809,1
variableness,1809,1
various,1809,1
vertigo,1809,1
very,1809,4
vessels,1809,1
violence,1809,1
violent,1809,1
water,1809,2
week,1809,1
well,1809,1
went,1809,1
were,1809,4
which,1809,3
white,1809,1
whole,1809,2
with,1809,13
within,1809,1
without,1809,1
years,1809,2
yellow,1809,1
yellowish,1809,1
yellowness,1809,3
york,1809,4
17th,1837,1
19th,1837,1
24th,1837,1
28th,1837,1
30th,1837,1
abdomen,1837,1
about,1837,5
admitted,1837,1
afternoon,1837,1
aged,1837,1
aneurism,1837,1
appetite,1837,1
applied,1837,2
aqua,1837,1
arrived,1837,1
attending,1837,1
ball,1837,1
became,1837,1
been,1837,2
beginning,1837,1
better,1837,1
born,1837,2
bowels,1837,4
came,1837,1
caught,1837,1
centre,1837,1
chest,1837,1
coast,1837,1
coated,1837,2
cold,1837,1
complains,1837,1
conjunctivitis,1837,1
continuance,1837,1
continue,1837,2
cool,1837,1
cough,1837,2
cured,1837,2
days,1837,1
delirious,1837,2
diet,1837,1
diminished,1837,1
discharged,1837,2
edges,1837,1
england,1837,1
entered,1837,2
expectoration,1837,1
frequent,1837,2
from,1837,4
full,1837,1
furred,1837,1
gained,1837,1
good,1837,1
gould,1837,1
gradually,1837,1
heat,1837,1
here,1837,1
hoffman,1837,1
hospital,1837,2
improved,1837,1
increased,1837,1
ireland,1837,3
january,1837,1
july,1837,3
june,1837,1
laborer,1837,1
letter,1837,1
liverpool,1837,1
looks,1837,1
marine,1837,1
mast,1837,1
michael,1837,1
moist,1837,1
month,1837,1
months,1837,2
more,1837,3
morrison,1837,1
most,1837,1
neutral,1837,1
night,1837,1
number,1837,1
open,1837,3
opened,1837,1
over,1837,1
pain,1837,2
petechiae,1837,1
phthisis,1837,1
pulse,1837,2
quebec,1837,1
quite,1837,1
rather,1837,1
redness,1837,1
relieved,1837,1
resident,1837,1
richardson,1837,1
sailed,1837,1
salt,1837,1
same,1837,3
scattered,1837,1
scraping,1837,1
seaman,1837,2
severe,1837,5
sick,1837,1
since,1837,2
skin,1837,3
slight,1837,3
somewhat,1837,1
still,1837,2
strength,1837,1
stupor,1837,4
subsultus,1837,2
surgeon,1837,2
symptoms,1837,1
than,1837,1
there,1837,1
thigh,1837,1
thinks,1837,1
this,1837,1
thomas,1837,1
time,1837,1
tongue,1837,4
treatment,1837,3
typhus,1837,1
upon,1837,2
vegetable,1837,1
very,1837,1
vessel,1837,1
ward,1837,2
week,1837,1
which,1837,3
white,1837,2
with,1837,2
work,1837,1
years,1837,1
yellow,1837,3
yesterday,1837,1
york,1837,1
16th,1840,1
22nd,1840,1
23rd,1840,2
abdomen,1840,2
about,1840,6
accident,1840,1
accordingly,1840,1
administered,1840,1
admission,1840,2
admitted,1840,2
after,1840,3
afternoon,1840,1
afterward,1840,1
against,1840,1
almost,1840,1
along,1840,1
also,1840,3
ammonia,1840,1
another,1840,1
anterior,1840,1
appearances,1840,1
applied,1840,3
april,1840,1
arch,1840,1
back,1840,1
backwards,1840,1
balsam,1840,1
bandaged,1840,1
base,1840,3
became,1840,2
been,1840,1
before,1840,2
began,1840,2
belly,1840,1
below,1840,2
between,1840,2
bladder,1840,1
bled,1840,1
bleed,1840,2
blood,1840,6
bloody,1840,1
body,1840,1
bone,1840,4
bottles,1840,1
brain,1840,4
brandy,1840,1
broken,1840,1
brought,1840,1
burk,1840,1
called,1840,1
case,1840,3
cavity,1840,1
chest,1840,1
circles,1840,1
clavicle,1840,2
cold,1840,1
collapsed,1840,1
colon,1840,2
comatose,1840,1
commencing,1840,1
condition,1840,2
constantly,1840,1
consultation,1840,1
contact,1840,2
controlled,1840,1
copious,1840,1
copiously,1840,1
cough,1840,1
could,1840,1
cured,1840,1
death,1840,1
decidedly,1840,1
depth,1840,1
determined,1840,1
diaphragm,1840,1
different,1840,1
directly,1840,2
discharged,1840,1
displacement,1840,1
dollar,1840,1
each,1840,1
edge,1840,1
eggnog,1840,1
enema,1840,1
evening,1840,1
examined,1840,1
existed,1840,2
extend,1840,1
extent,1840,1
extraordinary,1840,1
extravasated,1840,1
extravasation,1840,2
fall,1840,1
fallen,1840,1
feet,1840,1
filled,1840,1
fingers,1840,1
first,1840,1
flowed,1840,1
fluid,1840,1
folds,1840,1
following,1840,1
forced,1840,1
found,1840,6
four,1840,1
fourth,1840,1
fracture,1840,3
free,1840,1
frequent,1840,2
from,1840,8
fuller,1840,1
gall,1840,1
given,1840,1
great,1840,3
ground,1840,1
half,1840,1
have,1840,1
having,1840,1
head,1840,4
healed,1840,1
healthy,1840,1
heart,1840,1
hospital,1840,1
hour,1840,2
hours,1840,1
house,1840,1
however,1840,1
inch,1840,2
inches,1840,1
include,1840,1
inferior,1840,1
infiltrated,1840,1
injured,1840,1
injury,1840,2
insensible,1840,1
intestines,1840,2
into,1840,3
ireland,1840,4
irregular,1840,1
itself,1840,1
james,1840,1
just,1840,3
kick,1840,1
labored,1840,1
labourer,1840,3
lacerated,1840,1
laceration,1840,1
lacerations,1840,1
large,1840,2
left,1840,11
legs,1840,1
length,1840,1
lesser,1840,1
line,1840,1
lingered,1840,2
little,1840,2
liver,1840,2
lobe,1840,1
lung,1840,1
mason,1840,1
mediastinal,1840,1
michael,1840,1
middle,1840,1
might,1840,1
ministered,1840,1
moaning,1840,1
more,1840,1
moribund,1840,1
most,1840,2
mound,1840,1
much,1840,3
native,1840,2
near,1840,1
occipital,1840,1
opening,1840,2
operation,1840,1
organs,1840,1
other,1840,2
outer,1840,1
over,1840,3
page,1840,1
pain,1840,1
parietal,1840,1
part,1840,5
passed,1840,1
patient,1840,5
patrick,1840,1
pericardium,1840,4
pericranium,1840,1
peritoneum,1840,1
placed,1840,1
places,1840,1
points,1840,1
portion,1840,1
post,1840,1
post-mortem,1840,1
poultice,1840,1
powers,1840,1
pressure,1840,1
protuberance,1840,1
pulse,1840,5
pulseless,1840,2
pupils,1840,1
pushed,1840,1
quantity,1840,1
rallied,1840,1
rapidly,1840,1
rather,1840,1
received,1840,2
relief,1840,1
removed,1840,2
removing,1840,1
respiration,1840,1
restless,1840,1
result,1840,1
return,1840,1
returned,1840,1
ribs,1840,3
right,1840,4
ruptured,1840,1
same,1840,1
scaffold,1840,1
scalp,1840,3
seen,1840,1
sensible,1840,1
several,1840,3
shin,1840,1
shoulder,1840,1
side,1840,7
sinapism,1840,1
sinapisms,1840,1
since,1840,1
size,1840,1
skin,1840,2
skull,1840,2
slight,1840,1
small,1840,6
smaller,1840,2
some,1840,4
soon,1840,2
spaces,1840,1
speak,1840,1
sphenoid,1840,1
stage,1840,1
sternum,1840,1
stimulants,1840,2
stomach,1840,2
stopped,1840,1
story,1840,1
striking,1840,1
substance,1840,1
superficial,1840,1
surface,1840,1
taking,1840,1
tart,1840,1
than,1840,1
that,1840,2
then,1840,1
there,1840,2
these,1840,1
thick,1840,1
thickened,1840,1
this,1840,2
thomas,1840,1
through,1840,4
time,1840,1
ting,1840,1
tissue,1840,2
toddy,1840,1
transverse,1840,1
treatment,1840,1
trephine,1840,1
turning,1840,1
ulcers,1840,3
under,1840,1
until,1840,1
upon,1840,1
upper,1840,1
venous,1840,1
very,1840,2
ward,1840,4
warm,1840,1
warmth,1840,1
water,1840,1
were,1840,9
where,1840,1
which,1840,10
whole,1840,2
window,1840,1
with,1840,10
year,1840,1
16th,1841,1
abdomen,1841,9
about,1841,5
across,1841,2
actively,1841,1
adams,1841,1
afforded,1841,1
affording,1841,1
after,1841,2
afternoon,1841,1
almost,1841,1
also,1841,2
another,1841,1
answers,1841,1
around,1841,1
ascites,1841,2
attack,1841,2
attacked,1841,1
attempts,1841,1
back,1841,1
became,1841,2
been,1841,15
behind,1841,1
being,1841,1
best,1841,1
better,1841,2
bile,1841,1
black,1841,4
bladder,1841,1
blood,1841,2
bones,1841,1
bowels,1841,6
brandy,1841,1
broken,1841,1
brown,1841,2
burning,1841,1
caecum,1841,1
calomel,1841,3
came,1841,1
cannot,1841,1
capsule,1841,1
cardiac,1841,1
case,1841,5
cerebral,1841,1
chest,1841,1
chill,1841,2
chills,1841,2
coast,1841,1
cold,1841,1
colon,1841,1
color,1841,1
complaining,1841,1
complains,1841,1
congested,1841,1
conjunctiva,1841,1
considerable,1841,1
consistence,1841,1
continually,1841,1
continued,1841,2
continues,1841,1
cool,1841,1
coughs,1841,1
couple,1841,1
covered,1841,2
crepitous,1841,1
cruising,1841,1
cupped,1841,1
cured,1841,3
cutter,1841,1
dark,1841,2
days,1841,3
deli,1841,1
delirious,1841,3
diarrhea,1841,1
died,1841,2
difference,1841,1
difficulty,1841,1
dilated,1841,1
dirty,1841,1
disappeared,1841,1
discharged,1841,2
distant,1841,1
distended,1841,2
distinct,1841,2
draw,1841,1
drinking,1841,1
dropsy,1841,1
effervesce,1841,1
effusion,1841,1
enlarged,1841,1
entered,1841,4
epigastrium,1841,1
escape,1841,1
evans,1841,1
evening,1841,1
ever,1841,1
every,1841,1
exacerbations,1841,1
examination,1841,1
excitement,1841,1
existed,1841,1
expectorates,1841,1
exposed,1841,1
extreme,1841,1
extremities,1841,1
extremity,1841,1
exuding,1841,1
farmer,1841,1
feeble,1841,4
feel,1841,1
feels,1841,1
fever,1841,11
filled,1841,1
firm,1841,4
first,1841,1
fissured,1841,1
flabby,1841,1
flexure,1841,1
fluctuation,1841,1
fluid,1841,3
followed,1841,4
found,1841,1
free,1841,1
freely,1841,1
from,1841,2
full,1841,3
gall,1841,1
gallons,1841,1
giddiness,1841,1
glands,1841,1
good,1841,2
grains,1841,1
great,1841,2
grey,1841,1
growing,1841,1
hard,1841,1
have,1841,2
head,1841,3
headache,1841,4
health,1841,1
healthy,1841,2
heard,1841,1
heart,1841,1
hiccough,1841,1
high,1841,2
himself,1841,1
hours,1841,2
however,1841,1
ileum,1841,1
improved,1841,1
inflammation,1841,1
infused,1841,1
injected,1841,2
intermittent,1841,2
into,1841,1
ipecac,1841,1
ireland,1841,1
italy,1841,1
james,1841,1
jersey,1841,1
large,1841,3
last,1841,5
leeched,1841,1
left,1841,3
like,1841,1
lining,1841,1
lips,1841,2
little,1841,2
liver,1841,2
living,1841,1
lobe,1841,1
loose,1841,2
lower,1841,4
lungs,1841,1
made,1841,1
maine,1841,1
makes,1841,1
marked,1841,1
mater,1841,1
medicine,1841,1
membrane,1841,1
mind,1841,1
minute,1841,1
mist,1841,1
moans,1841,1
moist,1841,3
more,1841,3
morning,1841,1
mort,1841,1
most,1841,2
mouth,1841,1
much,1841,8
mucus,1841,2
natural,1841,2
nausea,1841,1
nearly,1841,1
necessary,1841,2
neck,1841,1
night,1841,5
notice,1841,1
numerous,1841,1
occasional,1841,2
occasionally,1841,2
october,1841,1
often,1841,1
opaque,1841,1
open,1841,4
opened,1841,2
operated,1841,1
organ,1841,1
pain,1841,7
pains,1841,2
part,1841,3
paul,1841,1
perspired,1841,1
pills,1841,3
plates,1841,1
pneumonia,1841,1
points,1841,1
post,1841,1
posteriorly,1841,1
precede,1841,1
present,1841,1
profusely,1841,1
prominent,1841,1
prostrate,1841,1
pulpy,1841,1
pulse,1841,8
pupils,1841,1
purgatives,1841,1
question,1841,1
quinine,1841,3
quite,1841,6
rainy,1841,1
rather,1841,3
rattle,1841,1
readily,1841,1
reddish,1841,4
region,1841,1
relief,1841,2
relieved,1841,1
remained,1841,1
remains,1841,1
remittent,1841,1
removed,1841,1
repeated,1841,1
respirations,1841,1
rested,1841,1
restrained,1841,1
rhonchus,1841,1
rice,1841,1
right,1841,3
river,1841,1
room,1841,1
roused,1841,1
running,1841,1
rush,1841,1
salivated,1841,1
same,1841,1
samuel,1841,1
says,1841,2
seaman,1841,2
seems,1841,1
seen,1841,1
sept,1841,2
several,1841,1
severe,1841,4
sick,1841,3
side,1841,3
sigmoid,1841,1
signs,1841,1
since,1841,5
size,1841,1
skin,1841,6
slight,1841,4
slightly,1841,2
small,1841,2
soft,1841,1
softened,1841,1
solid,1841,1
solitary,1841,1
solution,1841,1
some,1841,3
sordes,1841,1
sore,1841,1
spleen,1841,1
squills,1841,1
stab,1841,1
sternum,1841,1
still,1841,1
stimulants,1841,2
stomach,1841,1
stools,1841,1
stupid,1841,1
subsequently,1841,1
substance,1841,1
substituted,1841,1
suddenly,1841,1
supposed,1841,1
swallowing,1841,1
swelling,1841,1
swollen,1841,1
symptoms,1841,1
taken,1841,4
takes,1841,1
taking,1841,1
teeth,1841,3
tenderness,1841,3
than,1841,1
that,1841,1
there,1841,3
these,1841,1
thick,1841,1
thickened,1841,1
thing,1841,1
thinks,1841,1
thirst,1841,2
this,1841,3
though,1841,1
thought,1841,1
time,1841,1
times,1841,3
tinge,1841,1
tissue,1841,2
tite,1841,1
today,1841,2
tong,1841,1
tongue,1841,7
took,1841,1
tossed,1841,1
trachea,1841,1
treated,1841,1
trouble,1841,1
type,1841,1
used,1841,1
using,1841,1
veins,1841,1
ventricles,1841,1
very,1841,11
vessels,1841,1
violent,1841,1
wales,1841,1
wall,1841,1
water,1841,2
weather,1841,1
week,1841,1
weeks,1841,3
well,1841,1
were,1841,2
when,1841,3
whey,1841,1
which,1841,5
white,1841,1
wilmington,1841,1
wine,1841,1
with,1841,15
yellow,1841,1
yellowish,1841,1
yesterday,1841,2
15th,1844,1
17th,1844,1
abdomen,1844,1
able,1844,1
about,1844,5
aching,1844,1
action,1844,1
acute,1844,1
after,1844,2
afterwards,1844,1
along,1844,1
also,1844,2
although,1844,1
anaemia,1844,1
ankle,1844,1
aorta,1844,1
aortic,1844,1
apex,1844,1
appetite,1844,2
applications,1844,1
attach,1844,1
attack,1844,2
back,1844,2
baltimore,1844,1
beating,1844,1
became,1844,1
been,1844,5
began,1844,2
below,1844,1
bitter,1844,1
bleed,1844,1
blood,1844,2
body,1844,1
bones,1844,1
bowels,1844,4
cardiac,1844,1
ceased,1844,1
center,1844,1
character,1844,1
chill,1844,1
chills,1844,1
clean,1844,1
clock,1844,1
clotted,1844,1
coat,1844,3
cold,1844,1
comfortable,1844,1
complains,1844,1
complainss,1844,1
complexions,1844,1
considerable,1844,2
constipated,1844,1
continued,1844,1
cool,1844,1
covered,1844,2
dark,1844,2
days,1844,4
denmark,1844,1
derangement,1844,1
diarrhea,1844,1
dirty,1844,1
discharged,1844,3
discontinued,1844,1
disease,1844,1
distinct,1844,1
dull,1844,1
during,1844,1
emetic,1844,1
evening,1844,1
feeble,1844,1
feet,1844,1
fever,1844,4
fluid,1844,1
followed,1844,1
food,1844,1
from,1844,5
full,1844,1
gastric,1844,1
good,1844,1
green,1844,1
greenish,1844,1
grim,1844,1
having,1844,2
head,1844,2
headache,1844,2
health,1844,1
heard,1844,1
heart,1844,3
heavy,1844,1
immediately,1844,1
intermittent,1844,1
ireland,1844,1
irregular,1844,1
irritation,1844,1
jacob,1844,2
kept,1844,1
knee,1844,1
laborer,1844,1
last,1844,3
light,1844,1
limbs,1844,1
lost,1844,1
loud,1844,1
lucas,1844,1
made,1844,2
maine,1844,1
march,1844,1
matter,1844,2
midnight,1844,1
mist,1844,1
moderate,1844,1
moist,1844,3
more,1844,1
morning,1844,2
most,1844,1
naturally,1844,1
nearly,1844,1
neck,1844,1
never,1844,1
night,1844,1
nipple,1844,1
nose,1844,1
noticed,1844,1
once,1844,1
over,1844,2
pain,1844,6
pale,1844,2
patient,1844,2
plains,1844,1
posterior,1844,1
previously,1844,1
produced,1844,1
pulse,1844,5
quart,1844,1
quick,1844,2
rather,1844,1
recommenced,1844,1
recovered,1844,1
region,1844,1
regular,1844,2
removed,1844,1
return,1844,1
rheumatism,1844,2
right,1844,1
seaman,1844,1
second,1844,1
seized,1844,1
since,1844,2
skin,1844,3
slight,1844,1
small,1844,1
soft,1844,3
some,1844,1
soon,1844,1
sound,1844,1
stated,1844,1
states,1844,1
still,1844,4
stomach,1844,1
stool,1844,1
strength,1844,1
strikes,1844,1
strong,1844,1
subject,1844,1
substituted,1844,1
suddenly,1844,1
suffered,1844,1
suffers,1844,1
supper,1844,1
swelling,1844,1
taken,1844,2
taking,1844,1
than,1844,1
that,1844,2
then,1844,2
there,1844,1
thick,1844,2
thinks,1844,2
this,1844,5
time,1844,1
tongue,1844,2
took,1844,2
travelling,1844,1
until,1844,2
usual,1844,1
valve,1844,1
vomiting,1844,2
warm,1844,1
weeks,1844,3
were,1844,4
when,1844,2
which,1844,4
while,1844,2
white,1844,3
with,1844,9
work,1844,1
worse,1844,1
year,1844,1
years,1844,1
yellow,1844,1
yellowish,1844,1
21st,1846,1
29th,1846,1
abdomen,1846,2
able,1846,1
about,1846,13
above,1846,2
absence,1846,1
action,1846,1
admission,1846,4
admitted,1846,7
after,1846,3
again,1846,1
aggravated,1846,1
alkaline,1846,1
almost,1846,1
aloft,1846,1
along,1846,1
also,1846,4
anemic,1846,1
ankle,1846,2
apex,1846,1
appear,1846,1
appetite,1846,2
application,1846,1
applied,1846,1
apply,1846,2
april,1846,1
arch,1846,1
attack,1846,2
attacking,1846,1
attendance,1846,7
attended,1846,1
attending,1846,7
away,1846,1
back,1846,1
ball,1846,1
bandage,1846,1
bank,1846,1
been,1846,14
before,1846,5
began,1846,1
behind,1846,2
being,1846,1
better,1846,3
bile,1846,1
blisters,1846,1
blood,1846,3
board,1846,1
bones,1846,2
both,1846,1
bowels,1846,1
brain,1846,1
breath,1846,1
breathing,1846,2
bronchial,1846,1
bronchitis,1846,2
called,1846,1
came,1846,2
camphor,1846,1
caught,1846,1
causing,1846,1
cellar,1846,1
chancres,1846,1
charles,1846,1
chest,1846,1
chill,1846,2
chlor,1846,1
circular,1846,1
clerk,1846,1
coat,1846,2
coated,1846,1
cogs,1846,1
cold,1846,3
colored,1846,2
complains,1846,3
conjunctiva,1846,1
considerable,1846,2
contained,1846,1
continued,1846,1
continues,1846,1
contused,1846,1
cornea,1846,2
cough,1846,3
coughing,1846,1
could,1846,1
covered,1846,2
cupped,1846,1
cured,1846,3
curvature,1846,1
daniel,1846,1
dark,1846,1
days,1846,6
deaf,1846,1
death,1846,1
defined,1846,1
department,1846,2
deposit,1846,1
dial,1846,1
diameter,1846,2
difficulty,1846,1
dirt,1846,1
dirty,1846,1
disappearing,1846,1
discharged,1846,8
discoverable,1846,1
discovered,1846,1
disease,1846,1
dislocated,1846,2
dislocation,1846,1
disorderly,1846,1
division,1846,1
dodd,1846,1
douche,1846,2
drawn,1846,1
dullness,1846,1
dumping,1846,1
each,1846,1
earth,1846,1
eczema,1846,2
effusion,1846,1
eight,1846,1
eighth,1846,1
elbows,1846,1
electro,1846,1
emphysema,1846,1
encroaching,1846,1
england,1846,1
enlarge,1846,1
entirely,1846,2
epigastric,1846,1
especially,1846,1
every,1846,1
examination,1846,1
examining,1846,1
except,1846,1
excretions,1846,1
expectorant,1846,1
expectoration,1846,1
extending,1846,1
extent,1846,1
extricated,1846,1
eyes,1846,1
face,1846,1
fall,1846,1
feel,1846,1
feels,1846,1
feet,1846,2
fell,1846,1
fever,1846,2
fibula,1846,2
first,1846,2
flexion,1846,1
followed,1846,2
foot,1846,1
forced,1846,1
forehead,1846,1
found,1846,2
four,1846,4
fracture,1846,4
fractured,1846,1
free,1846,1
friction,1846,1
from,1846,5
further,1846,1
gammon,1846,1
germany,1846,1
ging,1846,1
given,1846,1
going,1846,2
good,1846,1
great,1846,1
grinder,1846,1
half,1846,1
hand,1846,1
have,1846,3
having,1846,2
haycock,1846,1
head,1846,5
healthy,1846,1
heart,1846,6
heat,1846,1
high,1846,1
hour,1846,1
hours,1846,3
however,1846,1
hurt,1846,1
improve,1846,1
improved,1846,1
improving,1846,3
impulse,1846,1
inch,1846,1
inches,1846,1
increasing,1846,1
inflammation,1846,1
inflammatory,1846,2
injured,1846,3
injury,1846,1
inspiration,1846,1
instruments,1846,1
internally,1846,2
intestines,1846,1
into,1846,2
ipecac,1846,1
ireland,1846,6
itch,1846,1
itself,1846,1
john,1846,5
johnston,1846,5
joint,1846,1
july,1846,9
junction,1846,1
kidneys,1846,1
knee,1846,2
knees,1846,3
laborer,1846,2
landed,1846,1
large,1846,3
last,1846,3
leaning,1846,1
leaping,1846,1
left,1846,7
lesser,1846,1
lids,1846,1
light,1846,2
liver,1846,2
liverpool,1846,1
load,1846,1
locally,1846,1
long,1846,2
lower,1846,1
lymph,1846,1
machinery,1846,3
made,1846,1
magnet,1846,1
manifested,1846,1
marked,1846,1
married,1846,1
mary,1846,2
maryland,1846,1
mass,1846,1
material,1846,1
measles,1846,1
median,1846,1
medicine,1846,1
middle,1846,2
mill,1846,1
mitras,1846,1
months,1846,6
more,1846,3
morgan,1846,1
morn,1846,1
morph,1846,1
motion,1846,1
much,1846,5
mucilage,1846,1
mucous,1846,1
murphy,1846,1
mutism,1846,1
natural,1846,5
neighborhood,1846,1
neighboring,1846,1
nerve,1846,1
never,1846,1
next,1846,1
night,1846,3
nights,1846,1
nine,1846,1
nothing,1846,1
noticed,1846,2
occasional,1846,2
occasioned,1846,2
occupying,1846,1
oiled,1846,1
ointment,1846,1
open,1846,1
opium,1846,1
ordered,1846,2
organs,1846,1
other,1846,2
over,1846,3
pain,1846,7
pains,1846,3
pale,1846,1
palpitation,1846,1
paralysis,1846,1
part,1846,4
partial,1846,1
parts,1846,2
passage,1846,1
pasty,1846,1
patient,1846,4
patrick,1846,2
pelvic,1846,1
pelvis,1846,1
percussion,1846,1
perfectly,1846,1
physician,1846,7
pill,1846,1
points,1846,1
prematurely,1846,1
present,1846,1
presented,1846,1
probably,1846,2
pulmonary,1846,1
pulse,1846,3
pupil,1846,1
purge,1846,1
quantity,1846,1
quite,1846,1
railroad,1846,1
rather,1846,1
rattle,1846,1
received,1846,1
redness,1846,1
reduced,1846,1
region,1846,2
relieved,1846,2
resistance,1846,1
rest,1846,2
result,1846,1
returned,1846,1
rheumatism,1846,3
right,1846,4
rodgers,1846,2
roller,1846,1
same,1846,2
sanguinaria,1846,1
says,1846,4
seaman,1846,3
seems,1846,1
senega,1846,1
sensible,1846,1
sept,1846,3
serous,1846,1
seven,1846,1
several,1846,2
severe,1846,1
shore,1846,1
shoulder,1846,2
shoulders,1846,1
show,1846,1
sick,1846,1
side,1846,2
silk,1846,1
similar,1846,1
since,1846,7
single,1846,1
situated,1846,1
skin,1846,2
slight,1846,4
smith,1846,1
snuff,1846,2
soda,1846,1
soft,1846,1
solution,1846,1
some,1846,3
somewhat,1846,2
sounds,1846,1
spleen,1846,1
squills,1846,1
state,1846,1
states,1846,1
steadily,1846,1
steerage,1846,1
sticky,1846,1
stiffness,1846,1
still,1846,1
stomach,1846,1
stool,1846,1
stools,1846,2
stopped,1846,1
strength,1846,1
strike,1846,1
stronger,1846,1
struck,1846,1
subject,1846,2
substance,1846,1
such,1846,1
suffer,1846,1
suffering,1846,1
sulphur,1846,1
superficial,1846,1
sure,1846,1
surface,1846,1
surgeon,1846,1
surgical,1846,3
swelling,1846,1
syphilis,1846,1
syphilitic,1846,1
system,1846,1
take,1846,2
taken,1846,1
takes,1846,1
taking,1846,1
temple,1846,1
than,1846,2
that,1846,4
them,1846,1
then,1846,1
there,1846,7
thick,1846,1
thicken,1846,1
third,1846,1
thirst,1846,1
this,1846,4
thomas,1846,1
thoracic,1846,1
thorax,1846,1
three,1846,2
time,1846,2
tolu,1846,2
tongue,1846,3
took,1846,1
tough,1846,1
transferred,1846,3
treatment,1846,7
trouble,1846,1
troubled,1846,1
tween,1846,2
typhus,1846,1
ulcer,1846,2
ulcers,1846,2
under,1846,3
until,1846,1
upon,1846,9
ural,1846,1
urine,1846,1
used,1846,1
various,1846,1
very,1846,6
vomiting,1846,1
waistcoat,1846,1
warm,1846,1
wash,1846,1
washes,1846,1
weeks,1846,4
well,1846,1
were,1846,3
wheels,1846,2
when,1846,2
where,1846,1
which,1846,3
while,1846,2
white,1846,2
whole,1846,3
with,1846,13
without,1846,1
worked,1846,1
wrist,1846,1
years,1846,5
yellowness,1846,2
about,1847,2
administered,1847,1
along,1847,1
america,1847,2
appetite,1847,1
attending,1847,2
been,1847,3
better,1847,2
body,1847,1
bones,1847,1
bowels,1847,2
boyle,1847,1
brought,1847,1
brown,1847,1
center,1847,1
chill,1847,1
coated,1847,1
complains,1847,1
complaints,1847,1
complexions,1847,1
constipated,1847,1
convalescent,1847,1
cured,1847,2
days,1847,1
discharged,1847,2
edges,1847,2
exception,1847,1
face,1847,1
first,1847,1
food,1847,2
foot,1847,1
freely,1847,1
from,1847,1
full,1847,2
great,1847,1
head,1847,1
hospital,1847,1
ireland,1847,2
johnston,1847,1
languid,1847,1
languor,1847,1
likes,1847,1
loss,1847,1
mary,1847,1
mccormick,1847,1
moist,1847,2
molly,1847,1
month,1847,1
morning,1847,1
nausea,1847,1
pain,1847,2
pains,1847,1
patient,1847,1
physician,1847,2
pulse,1847,2
rather,1847,1
region,1847,1
regular,1847,1
sept,1847,1
sick,1847,1
single,1847,2
skin,1847,3
slight,1847,1
soft,1847,1
state,1847,1
stimulants,1847,1
street,1847,1
stupid,1847,1
taken,1847,2
there,1847,2
this,1847,1
through,1847,1
tongue,1847,2
very,1847,2
walking,1847,1
ward,1847,1
warm,1847,1
weeks,1847,1
were,1847,1
white,1847,1
with,1847,1
10th,1849,2
11th,1849,1
12th,1849,1
13th,1849,2
16th,1849,1
17th,1849,1
18th,1849,2
19th,1849,1
20th,1849,3
22nd,1849,1
25th,1849,1
28th,1849,1
29th,1849,1
abdomen,1849,1
about,1849,4
above,1849,7
administered,1849,1
admission,1849,2
admitted,1849,7
after,1849,2
allowed,1849,1
also,1849,4
anodyne,1849,1
apii,1849,3
apparatus,1849,2
applied,1849,2
attained,1849,1
august,1849,2
back,1849,2
ball,1849,2
bank,1849,1
bark,1849,1
become,1849,1
been,1849,5
began,1849,1
being,1849,4
between,1849,1
boatman,1849,2
bone,1849,3
borne,1849,1
came,1849,2
caught,1849,2
caused,1849,2
ceased,1849,2
chancre,1849,1
cicatrizing,1849,1
comer,1849,1
complains,1849,2
compresses,1849,1
considerable,1849,1
continue,1849,1
continuing,1849,1
controlled,1849,1
contusion,1849,1
could,1849,1
crest,1849,1
crutches,1849,1
cured,1849,4
date,1849,1
davis,1849,1
days,1849,4
destroyed,1849,1
diarrhea,1849,1
different,1849,1
diminished,1849,1
discharge,1849,3
discharged,1849,3
discovered,1849,1
distinct,1849,1
dose,1849,1
double,1849,1
earth,1849,1
edward,1849,1
edwin,1849,1
engineer,1849,1
england,1849,1
entering,1849,1
entrance,1849,1
every,1849,1
exit,1849,1
exposure,1849,2
face,1849,2
falling,1849,2
four,1849,1
fracture,1849,3
freely,1849,1
frequent,1849,1
from,1849,4
gargle,1849,1
gonorrhea,1849,1
goose,1849,1
gradually,1849,2
groin,1849,2
gunshot,1849,2
happened,1849,1
have,1849,1
having,1849,1
healthy,1849,1
heat,1849,1
hemorrhage,1849,2
hens,1849,1
hoffman,1849,1
hours,1849,2
ilium,1849,2
inch,1849,1
inches,1849,1
inclined,1849,3
inside,1849,1
integument,1849,1
ireland,1849,1
irritable,1849,1
irritation,1849,1
james,1849,1
joint,1849,1
july,1849,5
june,1849,5
keep,1849,1
keeping,1849,1
kick,1849,1
knee,1849,1
laborer,1849,1
lafayette,1849,1
last,1849,1
left,1849,2
ligatures,1849,1
limb,1849,2
longer,1849,1
lotion,1849,1
machinist,1849,1
made,1849,1
making,1849,1
mccormick,1849,1
means,1849,1
medicine,1849,1
mentation,1849,1
mist,1849,1
moderate,1849,1
months,1849,1
morning,1849,1
motion,1849,1
mouth,1849,2
much,1849,2
musket,1849,1
nearly,1849,2
neck,1849,1
next,1849,1
nine,1849,1
omnibus,1849,1
opium,1849,1
orchitis,1849,1
ordered,1849,1
ounce,1849,1
over,1849,3
painful,1849,2
pair,1849,1
parts,1849,1
passive,1849,1
patient,1849,7
pavement,1849,1
peritonitis,1849,2
permitted,1849,1
phagedenic,1849,1
pieces,1849,1
place,1849,1
plane,1849,3
poultice,1849,1
powdered,1849,1
powders,1849,1
prepuce,1849,1
previous,1849,1
produced,1849,1
pulse,1849,1
puncture,1849,1
pursued,1849,1
purulent,1849,1
quiet,1849,1
quin,1849,3
received,1849,1
recovered,1849,1
reduced,1849,2
removed,1849,3
replaced,1849,1
require,1849,1
right,1849,1
sacrum,1849,1
says,1849,1
scrotum,1849,1
seaman,1849,2
sept,1849,1
shattering,1849,1
side,1849,1
since,1849,2
size,1849,2
smyth,1849,1
some,1849,2
somewhat,1849,1
sore,1849,1
soreness,1849,2
spiles,1849,1
spine,1849,1
sprinkled,1849,1
standing,1849,3
states,1849,1
stiffness,1849,1
still,1849,2
stop,1849,1
straight,1849,2
striking,1849,1
subsided,1849,2
superior,1849,1
swell,1849,1
swelling,1849,4
symptoms,1849,2
take,1849,1
taken,1849,1
tender,1849,2
tenderness,1849,1
testicle,1849,3
that,1849,1
them,1849,1
then,1849,1
there,1849,2
thigh,1849,4
this,1849,1
three,1849,4
times,1849,3
took,1849,1
touched,1849,1
traversing,1849,1
treat,1849,1
treatment,1849,8
tympanitic,1849,1
ulceration,1849,1
ulcers,1849,1
under,1849,1
until,1849,1
urethra,1849,1
veins,1849,1
very,1849,2
ward,1849,1
warren,1849,1
wash,1849,1
webster,1849,1
week,1849,1
wharf,1849,1
when,1849,1
which,1849,5
while,1849,2
wiry,1849,1
with,1849,8
wound,1849,2
years,1849,1
12th,1850,1
15th,1850,2
18th,1850,1
23rd,1850,1
25th,1850,1
27th,1850,1
28th,1850,1
29th,1850,2
about,1850,5
above,1850,7
acid,1850,2
acupunctuation,1850,1
acute,1850,1
adhesive,1850,1
adjacent,1850,1
admission,1850,2
admitted,1850,2
affect,1850,1
aggravated,1850,2
alexander,1850,1
ally,1850,1
along,1850,1
already,1850,1
also,1850,4
america,1850,2
amputated,1850,1
amputation,1850,1
angle,1850,1
ankle,1850,1
another,1850,1
anything,1850,1
appear,1850,1
appearance,1850,2
appears,1850,1
appetite,1850,3
application,1850,1
applied,1850,1
arms,1850,1
articulating,1850,1
aspect,1850,1
attach,1850,1
attack,1850,2
attacks,1850,1
august,1850,1
back,1850,4
became,1850,3
been,1850,8
before,1850,3
began,1850,2
below,1850,1
better,1850,1
between,1850,1
blanched,1850,1
blisters,1850,1
boat,1850,1
boatman,1850,1
bones,1850,2
both,1850,1
bowels,1850,2
bronchitis,1850,1
brown,1850,2
calf,1850,1
came,1850,1
carolina,1850,1
caused,1850,2
centered,1850,1
cervical,1850,1
changed,1850,2
character,1850,1
chill,1850,1
chronic,1850,2
coated,1850,1
column,1850,1
comes,1850,1
comfortable,1850,1
commencing,1850,1
communicating,1850,1
complained,1850,2
complains,1850,1
completely,1850,1
condition,1850,2
confined,1850,1
considerable,1850,3
constant,1850,4
constipation,1850,2
consultation,1850,1
continue,1850,2
contused,1850,1
contusion,1850,2
contusions,1850,1
cool,1850,1
cough,1850,2
course,1850,1
covered,1850,1
cured,1850,4
cuticles,1850,1
damp,1850,1
daniel,1850,1
david,1850,1
days,1850,3
decided,1850,1
delicate,1850,1
desire,1850,1
difficulties,1850,1
disappear,1850,1
disappeared,1850,2
discharge,1850,2
discharged,1850,3
discharges,1850,1
discontinued,1850,1
discovered,1850,1
diseased,1850,1
distance,1850,1
down,1850,1
dressed,1850,2
drinking,1850,1
during,1850,3
dysentery,1850,1
each,1850,1
effect,1850,1
eight,1850,1
eighteen,1850,1
electricity,1850,3
enters,1850,1
entirely,1850,2
epigastrium,1850,2
ether,1850,2
ever,1850,2
examining,1850,1
except,1850,2
extending,1850,1
extremity,1850,2
fall,1850,1
falling,1850,1
family,1850,1
feeble,1850,1
feels,1850,1
ferry,1850,1
first,1850,1
five,1850,1
flexed,1850,1
forced,1850,1
forearm,1850,2
found,1850,1
four,1850,3
fracture,1850,1
freely,1850,3
frequently,1850,1
from,1850,5
gaining,1850,1
gardiner,1850,1
general,1850,3
germany,1850,1
gone,1850,3
good,1850,1
gravel,1850,1
hands,1850,2
have,1850,2
having,1850,2
head,1850,4
health,1850,3
healthy,1850,2
hoffman,1850,1
hour,1850,1
hours,1850,1
house,1850,1
improve,1850,1
improved,1850,2
improvement,1850,1
inflammation,1850,1
influence,1850,1
injection,1850,1
injury,1850,1
inserted,1850,1
inspiration,1850,1
institution,1850,1
integument,1850,3
intern,1850,1
involved,1850,1
ireland,1850,2
irregular,1850,1
irregularity,1850,1
jeremiah,1850,1
jersey,1850,1
joint,1850,3
joints,1850,2
july,1850,5
junction,1850,1
june,1850,3
just,1850,2
kept,1850,1
knee,1850,2
lacerated,1850,2
last,1850,3
late,1850,1
leaving,1850,1
left,1850,5
legs,1850,2
less,1850,3
lifted,1850,1
light,1850,1
limb,1850,7
limbs,1850,5
local,1850,1
loch,1850,1
lost,1850,1
lower,1850,2
make,1850,1
maria,1850,1
mark,1850,1
mary,1850,1
mease,1850,1
mended,1850,1
menses,1850,1
menstruates,1850,1
middle,1850,3
mind,1850,1
mixture,1850,1
months,1850,2
more,1850,5
morning,1850,1
morph,1850,1
mostly,1850,1
motion,1850,1
mouth,1850,1
moving,1850,1
much,1850,7
natural,1850,2
nausea,1850,1
nearly,1850,2
neck,1850,4
nerve,1850,1
never,1850,1
norm,1850,1
nothing,1850,1
obliged,1850,1
often,1850,1
opening,1850,1
operation,1850,1
ordered,1850,1
outer,1850,2
over,1850,3
pain,1850,16
paralyzed,1850,1
parts,1850,6
pass,1850,2
passes,1850,1
passing,1850,1
past,1850,1
patient,1850,9
patients,1850,1
perspiring,1850,1
peter,1850,1
piece,1850,1
pier,1850,1
placed,1850,1
pleuritis,1850,1
poor,1850,2
portion,1850,1
post,1850,2
posterior,1850,2
poultice,1850,1
power,1850,2
powerless,1850,1
present,1850,1
presents,1850,1
pretty,1850,1
previous,1850,1
produced,1850,1
pulse,1850,2
purpose,1850,1
quite,1850,1
raise,1850,1
rapidly,1850,1
rather,1850,1
regularly,1850,1
relieved,1850,1
remains,1850,1
removed,1850,3
ribs,1850,1
right,1850,3
rolling,1850,1
same,1850,4
says,1850,3
sciatica,1850,1
scrofulous,1850,1
seaman,1850,2
sear,1850,1
seems,1850,1
seton,1850,3
sever,1850,2
several,1850,1
severe,1850,2
sharp,1850,1
short,1850,1
shoulders,1850,1
sick,1850,1
side,1850,4
since,1850,5
single,1850,1
sixth,1850,1
skin,1850,2
slight,1850,1
slightly,1850,2
sloughy,1850,3
slowly,1850,1
soft,1850,2
some,1850,6
somewhat,1850,1
soon,1850,2
soothing,1850,1
south,1850,1
sprinkled,1850,1
standing,1850,1
status,1850,1
still,1850,2
stokes,1850,1
straps,1850,1
strength,1850,2
strong,1850,1
stump,1850,2
subsided,1850,1
substance,1850,1
suffer,1850,1
suffers,1850,1
suite,1850,1
summer,1850,1
supported,1850,1
surfaces,1850,1
surrounding,1850,1
sutures,1850,1
symptoms,1850,1
synovial,1850,1
taken,1850,3
takes,1850,1
taste,1850,1
temp,1850,1
than,1850,3
that,1850,2
thence,1850,1
there,1850,2
thick,1850,1
thigh,1850,2
thirds,1850,1
this,1850,2
those,1850,1
three,1850,3
timber,1850,1
time,1850,1
tinct,1850,1
today,1850,1
tongue,1850,1
treatment,1850,4
trouble,1850,1
troubled,1850,2
type,1850,1
uncontrolled,1850,1
under,1850,5
unpleasant,1850,1
upon,1850,1
upper,1850,1
urine,1850,1
various,1850,1
vertebra,1850,1
very,1850,6
vomiting,1850,1
water,1850,3
weather,1850,1
well,1850,2
wells,1850,1
whenever,1850,1
which,1850,6
while,1850,1
white,1850,1
whole,1850,3
widow,1850,1
with,1850,13
without,1850,1
work,1850,1
worse,1850,1
would,1850,1
wound,1850,4
wounds,1850,1
year,1850,1
years,1850,2
yeast,1850,1
yesterday,1850,1
11th,1854,1
14th,1854,2
19th,1854,1
26th,1854,1
about,1854,5
accurate,1854,1
admission,1854,3
admitted,1854,1
after,1854,2
again,1854,1
always,1854,1
ankle,1854,7
apparatus,1854,2
application,1854,1
applied,1854,2
arsenic,1854,1
bandaged,1854,1
before,1854,1
begin,1854,1
beginning,1854,2
blush,1854,1
cannot,1854,2
catherine,1854,1
causing,1854,1
chill,1854,1
cold,1854,1
continue,1854,1
count,1854,1
crutches,1854,1
cured,1854,2
daily,1854,2
darkening,1854,1
died,1854,1
disease,1854,1
double,1854,2
down,1854,1
english,1854,1
entirely,1854,1
erysipelas,1854,3
fade,1854,2
faded,1854,1
febrile,1854,1
fell,1854,1
fever,1854,1
firm,1854,1
flight,1854,1
flour,1854,2
followed,1854,2
food,1854,1
fore,1854,1
fracture,1854,2
good,1854,1
gradually,1854,1
have,1854,1
hurt,1854,2
improve,1854,1
improving,1854,1
inch,1854,2
inclined,1854,2
increased,1854,1
increasing,1854,1
inflamed,1854,1
intoxicated,1854,1
joint,1854,2
july,1854,1
just,1854,1
last,1854,1
left,1854,3
less,1854,2
limb,1854,4
little,1854,1
married,1854,2
mary,1854,1
middle,1854,1
miller,1854,1
mixed,1854,1
morning,1854,1
never,1854,1
night,1854,1
noticed,1854,1
open,1854,1
other,1854,1
over,1854,1
pain,1854,1
painted,1854,1
patient,1854,7
placed,1854,1
places,1854,1
plane,1854,1
poisoned,1854,1
pram,1854,1
present,1854,1
pulse,1854,1
pump,1854,1
quality,1854,1
quantity,1854,1
quick,1854,1
reaction,1854,1
readjusted,1854,1
regaining,1854,1
removed,1854,2
return,1854,1
right,1854,1
rivina,1854,1
said,1854,1
sarah,1854,1
says,1854,2
scotland,1854,1
sept,1854,2
several,1854,1
shortening,1854,3
shorter,1854,1
side,1854,2
simple,1854,1
single,1854,1
sixth,1854,1
slowly,1854,1
some,1854,1
speak,1854,1
sprinkled,1854,1
stabbed,1854,1
stabs,1854,1
stairs,1854,1
state,1854,1
states,1854,1
still,1854,1
stomach,1854,1
straight,1854,1
strapped,1854,1
subsiding,1854,1
surface,1854,1
swell,1854,1
swelling,1854,1
swollen,1854,2
taken,1854,1
takes,1854,1
tenderness,1854,1
than,1854,2
that,1854,2
thigh,1854,4
this,1854,2
time,1854,1
times,1854,1
treat,1854,5
treatment,1854,3
union,1854,2
vomited,1854,1
vomiting,1854,1
when,1854,1
which,1854,3
while,1854,1
with,1854,2
years,1854,1
about,1855,1
acid,1855,2
admission,1855,1
admitted,1855,1
affected,1855,1
affliction,1855,1
again,1855,1
aggravation,1855,1
alkaline,1855,4
ankle,1855,1
april,1855,1
arrived,1855,1
attack,1855,2
attacked,1855,2
attacking,1855,1
attending,1855,1
auctioneer,1855,1
been,1855,1
before,1855,1
best,1855,1
between,1855,1
board,1855,1
bowels,1855,3
bronchial,1855,1
bronchitic,1855,1
bronchitis,1855,1
brownish,1855,2
bulky,1855,1
cardiac,1855,1
character,1855,2
characteristic,1855,1
chest,1855,1
coat,1855,1
coated,1855,2
complains,1855,1
complication,1855,1
complications,1855,1
confirmed,1855,1
convalescing,1855,2
convulsions,1855,2
cough,1855,5
cracked,1855,1
cured,1855,5
cutter,1855,1
days,1855,2
decided,1855,1
decreasing,1855,1
diminished,1855,1
distended,1855,1
down,1855,1
dull,1855,1
elizabeth,1855,1
euge,1855,1
every,1855,2
exact,1855,1
excepting,1855,1
existence,1855,1
expectorant,1855,1
expectoration,1855,1
extensively,1855,1
feeling,1855,1
fell,1855,1
fever,1855,1
fifth,1855,1
firm,1855,1
first,1855,2
five,1855,2
flushing,1855,1
fortnight,1855,1
found,1855,1
freely,1855,1
from,1855,2
fuller,1855,2
general,1855,1
generally,1855,2
germany,1855,1
grow,1855,1
hair,1855,1
heard,1855,2
help,1855,2
higher,1855,1
hour,1855,1
hours,1855,1
hurting,1855,1
improved,1855,1
improving,1855,1
intermittent,1855,1
ireland,1855,1
iron,1855,1
joint,1855,1
joints,1855,4
july,1855,5
june,1855,4
just,1855,1
knees,1855,1
lain,1855,1
last,1855,2
lasting,1855,1
left,1855,5
life,1855,1
liverpool,1855,1
loose,1855,1
lung,1855,2
march,1855,1
medicine,1855,2
mind,1855,1
minutes,1855,1
moist,1855,2
months,1855,1
more,1855,1
mouth,1855,1
much,1855,1
nunship,1855,1
only,1855,1
opened,1855,1
over,1855,2
pain,1855,1
painful,1855,2
pains,1855,8
partially,1855,1
passes,1855,1
patient,1855,1
persisting,1855,1
pneumonia,1855,1
pulse,1855,4
rapidly,1855,1
respiration,1855,1
rheumatic,1855,2
right,1855,3
says,1855,1
scotland,1855,1
seaman,1855,1
shifting,1855,1
ship,1855,1
shoulder,1855,1
sick,1855,1
side,1855,6
simon,1855,1
since,1855,2
single,1855,1
sits,1855,1
skin,1855,1
slight,1855,1
slightly,1855,1
smith,1855,1
solution,1855,1
some,1855,2
sometimes,1855,1
somewhat,1855,1
sound,1855,1
spaces,1855,1
still,1855,1
stitch,1855,2
stone,1855,1
suddenly,1855,1
support,1855,1
swelling,1855,1
swollen,1855,2
symptoms,1855,2
take,1855,1
than,1855,2
that,1855,1
them,1855,2
there,1855,1
three,1855,2
tongue,1855,5
unbitten,1855,1
unconscious,1855,1
urine,1855,3
usually,1855,1
warm,1855,1
wash,1855,1
water,1855,1
weakness,1855,1
week,1855,2
weeks,1855,2
with,1855,3
without,1855,2
worker,1855,1
yesterday,1855,1
13th,1856,2
14th,1856,1
15th,1856,2
19th,1856,1
20th,1856,1
23rd,1856,1
24th,1856,2
25th,1856,1
28th,1856,2
30th,1856,1
about,1856,4
accelerated,1856,1
acid,1856,1
admission,1856,2
affected,1856,1
after,1856,2
alkaline,1856,1
always,1856,1
anemic,1856,1
another,1856,2
appearance,1856,2
ascribes,1856,1
attach,1856,1
attack,1856,2
attributes,1856,1
back,1856,2
bath,1856,1
beef,1856,1
been,1856,9
being,1856,1
better,1856,1
black,1856,1
blood,1856,1
blouse,1856,1
bowels,1856,1
character,1856,1
chill,1856,2
chills,1856,1
cinch,1856,1
clean,1856,1
cold,1856,1
color,1856,2
comes,1856,1
coming,1856,1
commence,1856,1
commenced,1856,1
considerable,1856,1
continues,1856,1
cording,1856,1
cough,1856,1
coughs,1856,1
cured,1856,5
days,1856,3
description,1856,1
diarrhea,1856,4
died,1856,2
diet,1856,1
disappeared,1856,2
discharge,1856,1
disease,1856,1
does,1856,1
dozen,1856,1
drank,1856,1
effects,1856,1
emaciation,1856,1
epigastrium,1856,1
evacuations,1856,1
every,1856,1
everything,1856,1
expos,1856,1
extremely,1856,1
eyes,1856,1
face,1856,2
failing,1856,1
farm,1856,1
febrile,1856,2
feeble,1856,2
feels,1856,3
felt,1856,1
ferri,1856,1
fever,1856,1
first,1856,2
five,1856,3
four,1856,4
free,1856,1
freely,1856,1
from,1856,9
frontal,1856,1
frothy,1856,1
general,1856,1
generally,1856,1
germ,1856,2
half,1856,1
hand,1856,2
having,1856,1
head,1856,3
healthy,1856,2
heat,1856,2
hospital,1856,1
illness,1856,1
improving,1856,2
infected,1856,1
infectious,1856,1
intermit,1856,1
jersey,1856,1
john,1856,2
joint,1856,1
joints,1856,1
july,1856,6
june,1856,9
knee,1856,1
know,1856,1
koch,1856,1
laborer,1856,1
laboring,1856,1
land,1856,1
last,1856,4
left,1856,2
legs,1856,1
leonard,1856,1
light,1856,1
livid,1856,1
living,1856,1
loose,1856,1
malarious,1856,1
marked,1856,1
months,1856,2
morning,1856,2
most,1856,2
much,1856,1
mulligan,1856,1
never,1856,1
night,1856,6
nights,1856,1
none,1856,1
note,1856,1
notebook,1856,1
noticed,1856,1
number,1856,1
only,1856,1
other,1856,1
page,1856,1
pain,1856,7
painful,1856,1
pains,1856,4
panama,1856,1
passages,1856,3
passed,1856,1
patient,1856,5
peculiar,1856,1
penn,1856,1
phthisis,1856,1
porter,1856,2
porto,1856,1
posed,1856,1
presents,1856,1
pressure,1856,1
previous,1856,1
printed,1856,1
pulse,1856,5
quick,1856,1
quinine,1856,1
rapidly,1856,1
rather,1856,1
recovered,1856,2
redness,1856,1
regular,1856,1
rejected,1856,1
relapse,1856,1
remit,1856,1
rest,1856,1
rheumatic,1856,1
rheumatism,1856,1
rico,1856,1
right,1856,2
sailing,1856,3
sailor,1856,3
same,1856,1
savannah,1856,1
says,1856,3
second,1856,1
sense,1856,1
server,1856,1
severely,1856,1
shipboard,1856,1
short,1856,1
should,1856,1
sick,1856,2
simply,1856,1
since,1856,3
skin,1856,1
slight,1856,1
slow,1856,2
smith,1856,3
somewhat,1856,1
soon,1856,1
stamped,1856,1
steadily,1856,1
stiffness,1856,1
still,1856,3
stomach,1856,1
suffered,1856,1
suffering,1856,1
sweats,1856,1
swollen,1856,1
symptoms,1856,2
taken,1856,2
tender,1856,1
that,1856,2
their,1856,1
there,1856,1
this,1856,1
thomas,1856,1
three,1856,2
time,1856,1
tinct,1856,1
today,1856,4
tongue,1856,4
took,1856,1
treated,1856,1
unchecked,1856,1
upper,1856,2
urine,1856,2
very,1856,1
vomit,1856,1
vomited,1856,1
waiter,1856,1
water,1856,1
weakened,1856,1
week,1856,2
weeks,1856,1
where,1856,1
which,1856,4
while,1856,2
white,1856,1
with,1856,3
wrist,1856,1
yellow,1856,2
yellowish,1856,1
yester,1856,1
able,1857,1
about,1857,7
above,1857,3
abrasion,1857,1
abscess,1857,1
aching,1857,1
acquired,1857,1
across,1857,1
acting,1857,1
acts,1857,1
admission,1857,1
after,1857,2
aggravated,1857,1
also,1857,1
angle,1857,1
another,1857,1
appearance,1857,1
appetite,1857,1
applied,1857,2
appraised,1857,1
arthur,1857,1
attacks,1857,1
awhile,1857,1
back,1857,3
ball,1857,1
bandage,1857,1
bartender,1857,1
been,1857,2
body,1857,1
bone,1857,4
both,1857,3
bridge,1857,1
brought,1857,1
buck,1857,1
cane,1857,1
cannot,1857,2
canthus,1857,1
case,1857,3
character,1857,1
chest,1857,1
child,1857,1
chill,1857,1
chin,1857,1
chorea,1857,1
cicatrizing,1857,1
cold,1857,3
commencement,1857,1
comminuted,1857,1
compress,1857,3
concussion,1857,1
condition,1857,1
conjoined,1857,1
considerable,1857,5
constant,1857,1
contused,1857,2
contusion,1857,1
contusions,1857,1
convulsive,1857,1
crest,1857,1
dead,1857,1
decubitus,1857,3
deeply,1857,2
disappeared,1857,2
discovered,1857,1
disease,1857,2
disturbance,1857,1
doing,1857,1
doubt,1857,1
down,1857,4
dressed,1857,4
dressing,1857,1
dressings,1857,2
dull,1857,1
ecchymosis,1857,2
epilepsy,1857,2
epileptic,1857,1
erect,1857,1
evidence,1857,2
exceedingly,1857,1
explosion,1857,1
expose,1857,1
extend,1857,1
extensive,1857,1
extensively,1857,1
extremity,1857,1
eyelids,1857,2
face,1857,1
factory,1857,1
febrile,1857,1
fell,1857,1
fibula,1857,1
filling,1857,1
finger,1857,2
fingers,1857,1
first,1857,1
fits,1857,2
force,1857,1
fossa,1857,4
found,1857,1
fracture,1857,3
frequent,1857,1
fresh,1857,1
from,1857,3
full,1857,1
fullness,1857,2
further,1857,1
general,1857,1
generally,1857,1
germany,1857,1
girl,1857,1
glass,1857,1
goldbeater,1857,1
good,1857,2
granulating,1857,1
gunshot,1857,1
half,1857,1
hand,1857,2
hard,1857,1
head,1857,2
healed,1857,1
healthily,1857,1
hear,1857,1
heat,1857,1
held,1857,1
hemorrhage,1857,3
hereditary,1857,1
himself,1857,1
hour,1857,1
husband,1857,1
idiotic,1857,1
iliac,1857,5
inches,1857,1
increased,1857,1
index,1857,2
inflicting,1857,1
influence,1857,1
injured,1857,1
inner,1857,2
intention,1857,1
into,1857,1
intoxication,1857,1
ireland,1857,3
july,1857,2
junction,1857,1
just,1857,3
kicked,1857,1
knocked,1857,1
laborer,1857,1
lacerated,1857,1
last,1857,2
left,1857,5
length,1857,1
lines,1857,1
lint,1857,1
lips,1857,1
liquor,1857,1
long,1857,2
lost,1857,1
lower,1857,1
making,1857,1
malar,1857,1
marked,1857,1
married,1857,1
mary,1857,1
means,1857,1
middle,1857,1
mingled,1857,1
moderately,1857,1
months,1857,1
more,1857,1
mother,1857,1
motion,1857,1
much,1857,2
near,1857,1
nearly,1857,1
night,1857,1
nose,1857,1
occasional,1857,1
opposite,1857,2
other,1857,3
outer,1857,1
over,1857,5
pain,1857,3
parker,1857,1
part,1857,5
partial,1857,1
parties,1857,1
patient,1857,8
pavement,1857,1
peter,1857,1
places,1857,1
plaster,1857,1
point,1857,1
pointing,1857,2
pressed,1857,1
pretty,1857,1
producing,1857,1
prominence,1857,1
quite,1857,1
reaching,1857,1
received,1857,1
remaining,1857,1
remains,1857,1
removed,1857,3
restrained,1857,1
retained,1857,1
ribs,1857,1
ridge,1857,1
right,1857,6
riot,1857,1
roof,1857,1
says,1857,1
scalp,1857,2
seems,1857,1
several,1857,1
shape,1857,1
side,1857,1
since,1857,2
site,1857,1
slight,1857,1
slightly,1857,1
sloughy,1857,1
some,1857,2
speak,1857,1
spinal,1857,2
spines,1857,1
standing,1857,1
staples,1857,1
still,1857,1
strangely,1857,1
struck,1857,2
subject,1857,1
suffer,1857,1
sullivan,1857,1
superficial,1857,1
sutures,1857,2
tenderness,1857,2
than,1857,1
that,1857,1
there,1857,7
these,1857,2
thigh,1857,1
thighs,1857,1
this,1857,2
those,1857,1
throughout,1857,1
tibia,1857,2
time,1857,2
today,1857,2
transferred,1857,1
treatment,1857,6
triangular,1857,1
trochanter,1857,1
trouble,1857,1
twitchings,1857,1
unable,1857,1
under,1857,2
unfortunate,1857,2
uninjured,1857,1
upon,1857,2
useful,1857,1
vertebral,1857,1
vertex,1857,1
very,1857,1
walk,1857,1
ward,1857,2
water,1857,2
weakness,1857,1
well,1857,2
were,1857,2
whether,1857,1
which,1857,3
with,1857,10
within,1857,2
work,1857,1
would,1857,1
wound,1857,12
yeast,1857,1
yesterday,1857,1
10th,1862,1
13th,1862,1
15th,1862,3
18th,1862,1
25th,1862,1
28th,1862,2
30th,1862,2
about,1862,4
above,1862,2
acidic,1862,1
acidity,1862,1
adam,1862,1
admission,1862,10
after,1862,1
again,1862,1
also,1862,3
ammonia,1862,1
another,1862,1
apis,1862,1
appetite,1862,7
april,1862,10
august,1862,1
auscultation,1862,1
autopsy,1862,1
back,1862,5
battle,1862,1
beef,1862,3
been,1862,9
before,1862,3
began,1862,1
benjamin,1862,1
better,1862,6
bismuth,1862,3
both,1862,1
bowels,1862,14
breath,1862,1
breathing,1862,3
bronchial,1862,2
bronchitis,1862,2
brought,1862,1
came,1862,1
cannot,1862,1
caught,1862,4
ceased,1862,1
change,1862,1
changed,1862,1
chart,1862,2
chemical,1862,2
chest,1862,4
chill,1862,2
chloroform,1862,1
cinch,1862,1
clavicles,1862,1
coated,1862,2
cock,1862,2
cold,1862,4
commenced,1862,1
commencement,1862,1
complained,1862,1
complains,1862,1
complaint,1862,2
complexion,1862,1
condition,1862,1
congested,1862,1
considerable,1862,2
considerably,1862,1
consumption,1862,1
continue,1862,7
continues,1862,1
convulsive,1862,1
cough,1862,7
coughing,1862,1
crepitation,1862,2
cups,1862,1
daniel,1862,1
days,1862,1
deal,1862,1
debility,1862,1
delirious,1862,1
diarrhoea,1862,3
died,1862,1
diet,1862,3
difficulty,1862,2
dirty,1862,1
discharged,1862,3
discontinue,1862,2
disease,1862,1
disorderly,1862,1
dovers,1862,2
dull,1862,1
dullness,1862,1
during,1862,1
dysphoria,1862,2
each,1862,1
eggs,1862,1
elbows,1862,1
emetic,1862,1
epilepsy,1862,1
ever,1862,2
every,1862,1
exacerbation,1862,1
examination,1862,1
examined,1862,1
expect,1862,1
expectoration,1862,2
expressive,1862,1
external,1862,1
face,1862,1
faint,1862,1
farina,1862,2
fauces,1862,1
feeble,1862,1
feeling,1862,1
feels,1862,2
feet,1862,1
ferri,1862,1
first,1862,2
fistula,1862,2
fits,1862,1
five,1862,1
flax,1862,2
flesh,1862,1
foams,1862,1
followed,1862,1
following,1862,2
food,1862,1
found,1862,2
four,1862,2
frances,1862,1
from,1862,1
frost,1862,1
full,1862,1
generous,1862,1
gilbert,1862,2
gone,1862,1
good,1862,4
gradually,1862,1
great,1862,1
hacking,1862,1
have,1862,1
head,1862,2
healed,1862,1
health,1862,1
heard,1862,1
hess,1862,1
hist,1862,1
history,1862,10
hospital,1862,2
hour,1862,1
immediately,1862,1
improved,1862,2
improving,1862,3
inclined,1862,1
increasing,1862,1
inflammation,1862,1
infuse,1862,1
inhalation,1862,1
inhales,1862,1
insensible,1862,2
intervals,1862,1
iodine,1862,2
james,1862,1
jones,1862,1
july,1862,4
june,1862,4
last,1862,9
lasted,1862,1
lawrence,1862,1
left,1862,5
legs,1862,1
lewis,1862,1
like,1862,2
limbs,1862,1
lime,1862,1
liniment,1862,1
little,1862,3
liver,1862,3
lobe,1862,1
looks,1862,1
loose,1862,7
losing,1862,1
lower,1862,2
lung,1862,4
lxxx,1862,2
march,1862,3
married,1862,1
meade,1862,1
milk,1862,1
mist,1862,1
months,1862,2
more,1862,2
morning,1862,2
morph,1862,3
most,1862,1
mouths,1862,1
move,1862,1
moved,1862,2
movements,1862,1
much,1862,3
mucous,1862,1
murmur,1862,1
mustard,1862,1
mustered,1862,1
nassau,1862,1
natural,1862,1
nausea,1862,1
neuralgic,1862,1
night,1862,6
nights,1862,1
nitric,1862,1
none,1862,1
normal,1862,1
obtained,1862,1
occasional,1862,1
opium,1862,1
ordered,1862,7
other,1862,1
otherwise,1862,1
over,1862,2
pain,1862,6
pains,1862,4
painted,1862,2
paroxysm,1862,2
paroxysms,1862,1
part,1862,1
past,1862,1
patient,1862,11
penn,1862,2
percussion,1862,1
phthisis,1862,4
plumb,1862,1
pneumonia,1862,3
policeman,1862,1
poor,1862,4
portion,1862,1
posterior,1862,1
poultice,1862,1
powder,1862,2
prescription,1862,2
pretty,1862,1
prolonged,1862,1
puls,1862,1
pulse,1862,9
punch,1862,2
quite,1862,5
rapidly,1862,2
rather,1862,2
recovered,1862,1
regaining,1862,1
regular,1862,5
relief,1862,1
relieved,1862,3
renewed,1862,1
repeatedly,1862,1
rheumatism,1862,3
right,1862,4
same,1862,2
seed,1862,2
severe,1862,2
sharp,1862,1
sheridan,1862,1
shoulders,1862,1
sick,1862,3
side,1862,2
signs,1862,1
since,1862,5
sinking,1862,1
sleep,1862,1
sleeps,1862,2
slept,1862,2
slight,1862,2
slightly,1862,2
slowly,1862,2
smith,1862,1
smooth,1862,4
some,1862,8
somewhat,1862,2
sore,1862,2
sounds,1862,1
stage,1862,2
steak,1862,1
still,1862,6
stokes,1862,2
stomach,1862,2
stools,1862,1
stopped,1862,1
street,1862,1
strength,1862,1
strong,1862,1
stronger,1862,1
summit,1862,1
suppositories,1862,2
surface,1862,1
suspended,1862,1
sweat,1862,1
sweats,1862,2
swollen,1862,1
taken,1862,1
taking,1862,3
tannin,1862,1
than,1862,1
that,1862,4
there,1862,1
third,1862,1
this,1862,3
though,1862,1
three,1862,1
throat,1862,2
throughout,1862,1
time,1862,3
times,1862,2
tongue,1862,8
tonsil,1862,1
tonsillitis,1862,1
treatment,1862,10
treatments,1862,1
troubled,1862,2
turpentine,1862,1
twice,1862,1
under,1862,1
until,1862,1
usual,1862,2
usually,1862,1
veratrum,1862,1
very,1862,14
vesicular,1862,1
viii,1862,4
vomiting,1862,2
walk,1862,1
warm,1862,1
water,1862,2
weak,1862,11
wednesday,1862,1
weeks,1862,1
well,1862,8
whatever,1862,1
when,1862,1
whiskey,1862,1
whisky,1862,1
white,1862,1
wine,1862,5
with,1862,9
within,1862,1
without,1862,2
woman,1862,1
xxxii,1862,1
year,1862,2
yellow,1862,1
yellowish,1862,1
yesterday,1862,1